row_type,model,fold,train_rows,test_rows,rmse,mae,r2,repeat,selected_alpha,feature_count,feature_set,metric,mean,std,ci_lower,ci_upper,rmse_mean,rmse_delta_vs_best
fold,ridge_engineered_metrics,r1_f1,332,79,2.948010226738537,2.4046367972396356,0.6380610252946867,1.0,10.0,7,engineered_metrics,,,,,,,
fold,ridge_engineered_metrics,r1_f2,333,78,4.220079475676768,3.2378329215042543,-0.34316823970436117,1.0,10.0,7,engineered_metrics,,,,,,,
fold,ridge_engineered_metrics,r1_f3,328,83,4.646161968794146,3.708562406709018,0.001164052434499352,1.0,10.0,7,engineered_metrics,,,,,,,
fold,ridge_engineered_metrics,r1_f4,331,80,3.693543493821754,2.712451527730103,0.5372935226339406,1.0,10.0,7,engineered_metrics,,,,,,,
fold,ridge_engineered_metrics,r1_f5,320,91,2.786359795829277,2.216781779416081,0.5673532984432221,1.0,10.0,7,engineered_metrics,,,,,,,
fold,ridge_engineered_metrics,r2_f1,325,86,2.9796161296281225,2.2747526624697594,0.5599277036905894,2.0,10.0,7,engineered_metrics,,,,,,,
fold,ridge_engineered_metrics,r2_f2,333,78,3.2635173515526,2.5634736219730154,0.5281828504129538,2.0,10.0,7,engineered_metrics,,,,,,,
fold,ridge_engineered_metrics,r2_f3,328,83,3.1842563792991565,2.4341778521358286,0.47461015183028243,2.0,10.0,7,engineered_metrics,,,,,,,
fold,ridge_engineered_metrics,r2_f4,331,80,3.102159081120401,2.405116922791316,0.541356955711744,2.0,10.0,7,engineered_metrics,,,,,,,
fold,ridge_engineered_metrics,r2_f5,327,84,4.5338660100353305,3.4222421978793114,0.2542917666825041,2.0,10.0,7,engineered_metrics,,,,,,,
fold,ridge_engineered_metrics,r3_f1,331,80,2.893729810197916,2.1179612949117113,0.535008947531151,3.0,10.0,7,engineered_metrics,,,,,,,
fold,ridge_engineered_metrics,r3_f2,327,84,3.182843672364849,2.3100515818755296,0.6376486316455755,3.0,10.0,7,engineered_metrics,,,,,,,
fold,ridge_engineered_metrics,r3_f3,324,87,4.160582133518578,3.2669886222543902,0.1496182949617202,3.0,10.0,7,engineered_metrics,,,,,,,
fold,ridge_engineered_metrics,r3_f4,324,87,3.2328025595845022,2.595442196780884,0.5253558897252504,3.0,100.0,7,engineered_metrics,,,,,,,
fold,ridge_engineered_metrics,r3_f5,338,73,3.7516677178516704,3.083995994641312,0.34482270567288775,3.0,10.0,7,engineered_metrics,,,,,,,
fold,ridge_raw_metric_inputs,r1_f1,332,79,2.8169255244213476,2.1753014323286104,0.6695329906108987,1.0,100.0,21,raw_metric_inputs,,,,,,,
fold,ridge_raw_metric_inputs,r1_f2,333,78,3.9884746869591123,3.0363627813451672,-0.19978335980623618,1.0,0.0,21,raw_metric_inputs,,,,,,,
fold,ridge_raw_metric_inputs,r1_f3,328,83,4.123968625136642,3.1933364804436946,0.21306986270848338,1.0,100.0,21,raw_metric_inputs,,,,,,,
fold,ridge_raw_metric_inputs,r1_f4,331,80,3.5903992919833323,2.8672054336598443,0.562775345330232,1.0,10.0,21,raw_metric_inputs,,,,,,,
fold,ridge_raw_metric_inputs,r1_f5,320,91,2.6909767593162894,2.2745576168062636,0.5964671442740367,1.0,10.0,21,raw_metric_inputs,,,,,,,
fold,ridge_raw_metric_inputs,r2_f1,325,86,2.602861209185456,2.0028024924432004,0.664180880578688,2.0,100.0,21,raw_metric_inputs,,,,,,,
fold,ridge_raw_metric_inputs,r2_f2,333,78,2.9497910618049814,2.375662303378979,0.6145355054629158,2.0,100.0,21,raw_metric_inputs,,,,,,,
fold,ridge_raw_metric_inputs,r2_f3,328,83,2.674852008426713,1.9789933543311198,0.6292636760018401,2.0,100.0,21,raw_metric_inputs,,,,,,,
fold,ridge_raw_metric_inputs,r2_f4,331,80,2.829095475885463,2.1233674213527913,0.6185462490039131,2.0,100.0,21,raw_metric_inputs,,,,,,,
fold,ridge_raw_metric_inputs,r2_f5,327,84,4.224663858470841,3.343869521697901,0.35253559970961934,2.0,100.0,21,raw_metric_inputs,,,,,,,
fold,ridge_raw_metric_inputs,r3_f1,331,80,2.60185525049118,2.1066042255016173,0.6240804579009255,3.0,100.0,21,raw_metric_inputs,,,,,,,
fold,ridge_raw_metric_inputs,r3_f2,327,84,2.8658648737838464,2.152479573715756,0.7062277918392488,3.0,100.0,21,raw_metric_inputs,,,,,,,
fold,ridge_raw_metric_inputs,r3_f3,324,87,3.4209716619363597,2.693919914075646,0.42508364687715905,3.0,10.0,21,raw_metric_inputs,,,,,,,
fold,ridge_raw_metric_inputs,r3_f4,324,87,2.7863553221234563,2.2615559682514657,0.647399657977424,3.0,100.0,21,raw_metric_inputs,,,,,,,
fold,ridge_raw_metric_inputs,r3_f5,338,73,3.5628158116584343,2.9494761961699285,0.40912332333215484,3.0,100.0,21,raw_metric_inputs,,,,,,,
fold,ridge_raw_plus_engineered,r1_f1,332,79,2.7707658859036535,2.1244405246965954,0.6802746701774184,1.0,100.0,28,raw_plus_engineered,,,,,,,
fold,ridge_raw_plus_engineered,r1_f2,333,78,3.7522226814047066,2.9080412666681164,-0.06185780280474851,1.0,100.0,28,raw_plus_engineered,,,,,,,
fold,ridge_raw_plus_engineered,r1_f3,328,83,4.145320453105253,3.227916485486722,0.204900113803415,1.0,100.0,28,raw_plus_engineered,,,,,,,
fold,ridge_raw_plus_engineered,r1_f4,331,80,3.565115664032832,2.8580696606610196,0.5689115442382688,1.0,10.0,28,raw_plus_engineered,,,,,,,
fold,ridge_raw_plus_engineered,r1_f5,320,91,2.645766343867806,2.227761498194442,0.6099125466043019,1.0,10.0,28,raw_plus_engineered,,,,,,,
fold,ridge_raw_plus_engineered,r2_f1,325,86,2.76241877181876,2.172495102970703,0.6217469579828725,2.0,0.1,28,raw_plus_engineered,,,,,,,
fold,ridge_raw_plus_engineered,r2_f2,333,78,2.9764796367064466,2.3632046665792594,0.6075288826341321,2.0,100.0,28,raw_plus_engineered,,,,,,,
fold,ridge_raw_plus_engineered,r2_f3,328,83,2.6908536145751123,1.992335730972804,0.6248147412027479,2.0,100.0,28,raw_plus_engineered,,,,,,,
fold,ridge_raw_plus_engineered,r2_f4,331,80,2.842775627332769,2.0994201934543084,0.614848274271161,2.0,0.1,28,raw_plus_engineered,,,,,,,
fold,ridge_raw_plus_engineered,r2_f5,327,84,4.20470345970861,3.35164057820867,0.3586393360868373,2.0,100.0,28,raw_plus_engineered,,,,,,,
fold,ridge_raw_plus_engineered,r3_f1,331,80,2.8892562873715653,2.284671041034076,0.5364455296138402,3.0,0.1,28,raw_plus_engineered,,,,,,,
fold,ridge_raw_plus_engineered,r3_f2,327,84,2.8929159830123914,2.190529174460127,0.7006557429394609,3.0,100.0,28,raw_plus_engineered,,,,,,,
fold,ridge_raw_plus_engineered,r3_f3,324,87,3.409488799070367,2.7066328940606192,0.4289367077360313,3.0,10.0,28,raw_plus_engineered,,,,,,,
fold,ridge_raw_plus_engineered,r3_f4,324,87,2.779440673548076,2.266725374304317,0.6491475199365966,3.0,100.0,28,raw_plus_engineered,,,,,,,
fold,ridge_raw_plus_engineered,r3_f5,338,73,3.5557204337144577,2.9405469882346247,0.4114744516910729,3.0,100.0,28,raw_plus_engineered,,,,,,,
fold,ridge_engineered_interactions,r1_f1,332,79,2.3479126072213043,1.9026963522190674,0.7704162021534988,1.0,10.0,12,engineered_interactions,,,,,,,
fold,ridge_engineered_interactions,r1_f2,333,78,3.9475702861690554,2.7860923650403264,-0.1753004344023097,1.0,10.0,12,engineered_interactions,,,,,,,
fold,ridge_engineered_interactions,r1_f3,328,83,4.2198911793558675,3.3534891822890067,0.17603649513022546,1.0,10.0,12,engineered_interactions,,,,,,,
fold,ridge_engineered_interactions,r1_f4,331,80,3.4922758577877064,2.7370758469498364,0.5863469531572272,1.0,10.0,12,engineered_interactions,,,,,,,
fold,ridge_engineered_interactions,r1_f5,320,91,2.6949996903619806,2.125865584599932,0.5952597029210651,1.0,10.0,12,engineered_interactions,,,,,,,
fold,ridge_engineered_interactions,r2_f1,325,86,2.837719780173118,2.1351699584621944,0.6008442304243597,2.0,10.0,12,engineered_interactions,,,,,,,
fold,ridge_engineered_interactions,r2_f2,333,78,3.001320611732508,2.4775498250888064,0.6009506094153055,2.0,100.0,12,engineered_interactions,,,,,,,
fold,ridge_engineered_interactions,r2_f3,328,83,2.888278079333244,2.171171865236372,0.567741412336938,2.0,10.0,12,engineered_interactions,,,,,,,
fold,ridge_engineered_interactions,r2_f4,331,80,2.853624621990288,2.259940828437285,0.6119029258747866,2.0,10.0,12,engineered_interactions,,,,,,,
fold,ridge_engineered_interactions,r2_f5,327,84,4.701782591696007,3.5071574601707503,0.19803269511842425,2.0,10.0,12,engineered_interactions,,,,,,,
fold,ridge_engineered_interactions,r3_f1,331,80,2.5725652148846634,1.9838121462841722,0.6324965456537328,3.0,10.0,12,engineered_interactions,,,,,,,
fold,ridge_engineered_interactions,r3_f2,327,84,2.9425543001278736,2.218894297338115,0.6902949689575335,3.0,100.0,12,engineered_interactions,,,,,,,
fold,ridge_engineered_interactions,r3_f3,324,87,3.9837014068901753,3.0564703068164336,0.22038665107543187,3.0,10.0,12,engineered_interactions,,,,,,,
fold,ridge_engineered_interactions,r3_f4,324,87,2.6367889445483668,2.033590385350799,0.6842375581551428,3.0,100.0,12,engineered_interactions,,,,,,,
fold,ridge_engineered_interactions,r3_f5,338,73,3.6861368032814967,3.0259764610644817,0.3675109606827033,3.0,10.0,12,engineered_interactions,,,,,,,
summary,ridge_engineered_metrics,rmse_mean,328,82,3.5052797204009067,,,,,7,engineered_metrics,rmse,3.5052797204009067,0.6196798155266814,3.191678465280186,3.8188809755216275,3.5052797204009067,0.3232882922953437
summary,ridge_engineered_metrics,mae_mean,328,82,,2.716964558687477,,,,7,engineered_metrics,mae,2.716964558687477,0.49802867899995223,2.4649272728066123,2.969001844568342,3.5052797204009067,0.3232882922953437
summary,ridge_engineered_metrics,r2_mean,328,82,,,0.3967685037977764,,,7,engineered_metrics,r2,0.3967685037977764,0.27512116581640567,0.25753798386068494,0.5359990237348679,3.5052797204009067,0.3232882922953437
summary,ridge_raw_metric_inputs,rmse_mean,328,82,3.181991428105563,,,,,21,raw_metric_inputs,rmse,3.181991428105563,0.5813938316709869,2.8877655540927014,3.4762173021184246,3.181991428105563,0.0
summary,ridge_raw_metric_inputs,mae_mean,328,82,,2.5023663143667982,,,,21,raw_metric_inputs,mae,2.5023663143667982,0.4644129024619049,2.267340958598954,2.7373916701346426,3.181991428105563,0.0
summary,ridge_raw_metric_inputs,r2_mean,328,82,,,0.5022025847867535,,,21,raw_metric_inputs,r2,0.5022025847867535,0.23905264335356965,0.38122525566092264,0.6231799139125844,3.181991428105563,0.0
summary,ridge_raw_plus_engineered,rmse_mean,328,82,3.1922162876781868,,,,,28,raw_plus_engineered,rmse,3.1922162876781868,0.5344062241867681,2.9217694239105545,3.462663151445819,3.1922162876781868,0.010224859572623757
summary,ridge_raw_plus_engineered,mae_mean,328,82,,2.5142954119990932,,,,28,raw_plus_engineered,mae,2.5142954119990932,0.44235192827121517,2.2904344495550917,2.738156374443095,3.1922162876781868,0.010224859572623757
summary,ridge_raw_plus_engineered,r2_mean,328,82,,,0.5037586144075605,,,28,raw_plus_engineered,r2,0.5037586144075605,0.20766455907345047,0.39866584756606716,0.6088513812490539,3.1922162876781868,0.010224859572623757
summary,ridge_engineered_interactions,rmse_mean,328,82,3.253808131703577,,,,,12,engineered_interactions,rmse,3.253808131703577,0.701682019216446,2.8987080358018016,3.608908227605353,3.253808131703577,0.07181670359801418
summary,ridge_engineered_interactions,mae_mean,328,82,,2.5183301910231717,,,,12,engineered_interactions,mae,2.5183301910231717,0.5224428885339724,2.2539376104226596,2.7827227716236838,3.253808131703577,0.07181670359801418
summary,ridge_engineered_interactions,r2_mean,328,82,,,0.47514383177693775,,,12,engineered_interactions,r2,0.47514383177693775,0.26096998757969353,0.34307479611813946,0.607212867435736,3.253808131703577,0.07181670359801418
